epoch,lr,loss,iou,val_loss,val_iou
0.0,0.0003,0.5773782133170172,0.6717563094792961,0.30799369458478226,0.7475237132088042
